Reminder,Date and Time
Complete the project report by this Friday,2024-01-11 05:43:39
Attend the team meeting tomorrow morning,2023-12-27 05:43:39
Prepare presentation slides for next Wednesday's meeting,2024-01-08 05:43:39
Review the budget proposal due by the end of this week,2024-01-12 05:43:39
Call the client for feedback first thing next Monday,2023-12-28 05:43:39
Schedule a dentist appointment for next week,2023-12-16 05:43:39
Plan the weekend family trip by tomorrow evening,2023-12-23 05:43:39
Go grocery shopping this Saturday morning,2024-01-14 05:43:39
Renew gym membership by next Tuesday,2023-12-31 05:43:39
Book a table for anniversary dinner this Sunday,2023-12-30 05:43:39
Pay electricity bill by the end of this week,2023-12-27 05:43:39
Send birthday gift to Mom by next Friday,2024-01-13 05:43:39
Organize the garage this weekend,2024-01-09 05:43:39
Start the online marketing course next Monday,2024-01-10 05:43:39
Submit the annual tax return by next month,2023-12-24 05:43:39
Water the plants tomorrow afternoon,2024-01-14 05:43:39
Run a half marathon this spring,2023-12-30 05:43:39
Buy tickets for the concert next Saturday,2023-12-26 05:43:39
Clean the house by the end of this day,2024-01-02 05:43:39
Start preparing the guest room for next weekend,2024-01-12 05:43:39
Update the resume by the end of this month,2024-01-13 05:43:39
Order groceries online for this week's supplies,2023-12-21 05:43:39
Make a vet appointment for the dog next Thursday,2023-12-31 05:43:39
Plan a surprise birthday party for next month,2023-12-19 05:43:39
Replace car tires before this winter,2023-12-24 05:43:39
Check the smoke detectors this weekend,2023-12-19 05:43:39
Book a health checkup for next Wednesday,2024-01-08 05:43:39
Prepare a budget plan for the next quarter,2023-12-18 05:43:39
Create a meal plan for the upcoming week,2024-01-03 05:43:39
Organize a charity event by the end of next month,2024-01-09 05:43:39
